HEAD,76001,,A12 3BC,17488,25.07.2025,,,,,,,customer.services@polycohealthline.co.uk,,,,Home,32 House no,,paris,United Kingdom,A12 3BC,76001,A12 3BC,,,,,FINAL,25.07.2025,,,,,,,,,,,customer.services@polycohealthline.co.uk,,,,,,,,,,,,,,,,,,,,,,,,,,,,,,,,,,,,,,,,,,,,,,,,,,,,,,,,,,,,,,,,,,,,,,
LINE,1,,,12,,G116,,,,Economy Gloves Medium Blue Pair,,,,,,,,,,,,,,25.07.2025,12,EA,,,,,,,,,,,,,,,,,,,,,,,,,,,,,,,,,,,,,,,,,,,,,,,,,,,,,,,,,,,,,,,,,,,,
LINE,2,,,13,,G117,,,,Economy Gloves Medium Red,,,,,,,,,,,,,,25.07.2025,13,EA,,,,,,,,,,,,,,,,,,,,,,,,,,,,,,,,,,,,,,,,,,,,,,,,,,,,,,,,,,,,,,,,,,,,
LINE,3,,,14,,G118,,,,Economy Gloves Medium Yellow,,,,,,,,,,,,,,25.07.2025,14,EA,,,,,,,,,,,,,,,,,,,,,,,,,,,,,,,,,,,,,,,,,,,,,,,,,,,,,,,,,,,,,,,,,,,,
LINE,4,,,15,,G119,,,,"Economy
Gloves Medium Green",,,,,,,,,,,,,,25.07.2025,15,EA,,,,,,,,,,,,,,,,,,,,,,,,,,,,,,,,,,,,,,,,,,,,,,,,,,,,,,,,,,,,,,,,,,,,
LINE,5,,,16,,G120,,,,Economy Gloves Large Blue,,,,,,,,,,,,,,25.07.2025,16,EA,,,,,,,,,,,,,,,,,,,,,,,,,,,,,,,,,,,,,,,,,,,,,,,,,,,,,,,,,,,,,,,,,,,,
LINE,6,,,17,,G121,,,,Economy Gloves Large Red,,,,,,,,,,,,,,25.07.2025,17,EA,,,,,,,,,,,,,,,,,,,,,,,,,,,,,,,,,,,,,,,,,,,,,,,,,,,,,,,,,,,,,,,,,,,,
LINE,7,,,18,,G123,,,,Economy Gloves Large Green,,,,,,,,,,,,,,25.07.2025,18,EA,,,,,,,,,,,,,,,,,,,,,,,,,,,,,,,,,,,,,,,,,,,,,,,,,,,,,,,,,,,,,,,,,,,,
LINE,8,,,19,,G125,,,,Latex Disposable Gloves Medium,,,,,,,,,,,,,,25.07.2025,19,EA,,,,,,,,,,,,,,,,,,,,,,,,,,,,,,,,,,,,,,,,,,,,,,,,,,,,,,,,,,,,,,,,,,,,
LINE,9,,,20,,G126,,,,Large Latex Gloves,,,,,,,,,,,,,,25.07.2025,20,EA,,,,,,,,,,,,,,,,,,,,,,,,,,,,,,,,,,,,,,,,,,,,,,,,,,,,,,,,,,,,,,,,,,,,
LINE,10,,,21,,G127,,,,Double Dipped Gloves,,,,,,,,,,,,,,25.07.2025,21,EA,,,,,,,,,,,,,,,,,,,,,,,,,,,,,,,,,,,,,,,,,,,,,,,,,,,,,,,,,,,,,,,,,,,,
LINE,11,,,22,,G128,,,,Latex Gloves Small,,,,,,,,,,,,,,25.07.2025,22,EA,,,,,,,,,,,,,,,,,,,,,,,,,,,,,,,,,,,,,,,,,,,,,,,,,,,,,,,,,,,,,,,,,,,,
LINE,12,,,23,,G130,,,,Vinyl Powdered Medium,,,,,,,,,,,,,,25.07.2025,23,EA,,,,,,,,,,,,,,,,,,,,,,,,,,,,,,,,,,,,,,,,,,,,,,,,,,,,,,,,,,,,,,,,,,,,
LINE,13,,,24,,G135,,,,Vinyl Powdered Large,,,,,,,,,,,,,,25.07.2025,24,EA,,,,,,,,,,,,,,,,,,,,,,,,,,,,,,,,,,,,,,,,,,,,,,,,,,,,,,,,,,,,,,,,,,,,
LINE,14,,,25,,G136,,,,Vinyl Powder Free Medium Gloves,,,,,,,,,,,,,,25.07.2025,25,EA,,,,,,,,,,,,,,,,,,,,,,,,,,,,,,,,,,,,,,,,,,,,,,,,,,,,,,,,,,,,,,,,,,,,
LINE,15,,,26,,G137,,,,Vinyl Powder Free Med Gloves Blue,,,,,,,,,,,,,,25.07.2025,26,EA,,,,,,,,,,,,,,,,,,,,,,,,,,,,,,,,,,,,,,,,,,,,,,,,,,,,,,,,,,,,,,,,,,,,
LINE,16,,,27,,G138,,,,Vinyl Powder Free Gloves Large,,,,,,,,,,,,,,25.07.2025,27,EA,,,,,,,,,,,,,,,,,,,,,,,,,,,,,,,,,,,,,,,,,,,,,,,,,,,,,,,,,,,,,,,,,,,,
LINE,17,,,28,,G139,,,,Vinyl Powder Free Gloves Blue Large,,,,,,,,,,,,,,25.07.2025,28,EA,,,,,,,,,,,,,,,,,,,,,,,,,,,,,,,,,,,,,,,,,,,,,,,,,,,,,,,,,,,,,,,,,,,,
LINE,18,,,29,,G140,,,,Vinyl Powder Free Small Gloves,,,,,,,,,,,,,,25.07.2025,29,EA,,,,,,,,,,,,,,,,,,,,,,,,,,,,,,,,,,,,,,,,,,,,,,,,,,,,,,,,,,,,,,,,,,,,
LINE,19,,,30,,G141,,,,Polysynthetic Gloves Medium,,,,,,,,,,,,,,25.07.2025,30,EA,,,,,,,,,,,,,,,,,,,,,,,,,,,,,,,,,,,,,,,,,,,,,,,,,,,,,,,,,,,,,,,,,,,,
RECON,HPC,76001,17488,19,,,,,,,,,,,,,,,,,,,,,,,,,,,,,,,,,,,,,,,,,,,,,,,,,,,,,,,,,,,,,,,,,,,,,,,,,,,,,,,,,,,,,,,,,,,,,,,
